feature1,feature2,feature3,feature4,label
52,329,-0.555546732813421,0.35618564711759415,1
93,235,0.4917930553996126,0.826814973796419,1
15,452,0.49041957170276645,0.7090137242870318,1
72,449,-0.603780239062069,0.1771709252718655,0
61,324,-0.23399066690216466,0.5074463661197421,1
21,374,1.8468060400869681,0.6773873215187168,1
83,463,-0.5865480885213431,0.2350372148038251,1
87,238,1.9108045884587852,0.8306885105200769,0
75,386,1.103666942525805,0.5448276575451868,1
75,298,1.7254162750554658,0.1652420504426032,0
88,446,-0.6290719720694289,0.5829844261646024,1
24,159,-0.16855587406276104,0.999713804155914,0
3,286,-0.4491638087755629,0.15052149166341355,0
22,207,1.1267531919262028,0.8167569301195281,1
53,79,-0.5676837726720896,0.20730900318755796,0
2,121,0.7312154933428736,0.7823883294600873,0
88,13,0.678299411192041,0.7345779231214132,1
30,359,-0.048029530714176684,0.30048938560043237,1
38,340,1.2986597341643356,0.3258231175644498,1
2,455,0.1076798697266051,0.7925213919629192,0
64,327,0.834085718608303,0.46144551188731264,0
60,359,-0.4947033689177825,0.7308180287118088,0
21,104,-0.7234368141068251,0.14798414736583476,1
33,161,0.731145529257608,0.8525577819015535,0
76,320,0.43084024433374835,0.7108847166823191,0
58,146,0.24330766412836574,0.9069428088348339,0
22,256,-0.3436883479377835,0.13237237903497245,0
89,396,1.549209476526304,0.5930145003605977,0
49,252,-1.116585804253847,0.5991205850403252,0
91,40,-1.171343009730972,0.35346074054678245,0
59,49,0.9421665051638289,0.4584664245692578,1
42,238,0.8600963841430697,0.03798156328985347,1
92,45,0.3537627789918679,0.745860038627012,1
60,417,-0.2879522219028064,0.549322479403174,0
80,232,0.5024221291904121,0.057741051869173776,0
15,15,1.720830297119534,0.6807558929604856,1
62,331,2.515546207874225,0.4667820772311879,0
62,477,-1.6564137054751564,0.034461259425,1
47,229,-0.41892011924854655,0.9696077268480954,0
62,84,-0.4817732629848396,0.9491121430894405,0
51,13,1.626519471699682,0.5129024161471976,1
55,344,-2.4812949865652016,0.0936724207059102,1
64,143,0.513835193065546,0.7546212215985918,1
3,127,-0.2568103084190336,0.49193110010572905,1
51,378,1.6381127495476404,0.3024474782893799,1
7,103,1.5010388400044603,0.49141817752855677,0
21,495,0.3655067348266927,0.5224441454054645,0
73,444,-1.5797230707117969,0.5627116990223392,0
39,71,-0.5738894823351331,0.44122371365532653,1
18,450,-0.46439107661373846,0.6057553031390567,1
4,203,-1.3264547944534648,0.9187347106063773,1
89,344,1.15458428185937,0.36226808709859115,1
60,212,-1.453426497274406,0.7257164632199491,1
14,401,1.9653275084537123,0.8944525568242322,1
9,35,1.9628226340454584,0.4559792757599369,0
90,444,-0.38506026185950626,0.4434558363819041,0
53,182,0.32849537012981606,0.6021169853547795,0
2,309,-0.0722834780704241,0.5914067594224881,0
84,142,0.9018248003616903,0.806589342326277,0
92,335,1.2746773385647592,0.4764833837782927,1
60,419,0.25799699212006616,0.9961229496394411,1
71,127,0.46911670978106274,0.05947156886728078,1
44,333,-0.6206042639395163,0.0031678485807017376,1
8,284,0.4367139668903384,0.6401983115596238,1
47,221,0.1627620789239809,0.2984349123618767,1
35,234,-0.9117944887513568,0.2403823886994838,0
78,29,-0.014037109343111222,0.31189908000428046,1
81,122,-0.3831825179860731,0.2560475651049543,1
36,149,-0.6094955818180586,0.03079004966044785,1
50,56,-1.146491207599568,0.9715330423905887,1
4,10,0.06250273324947596,0.22074548845278175,0
2,99,-0.7804740063253436,0.7340297625893063,0
6,151,-0.47110817230269936,0.7625963946941753,1
54,329,1.075124275217289,0.9292573980072293,0
4,47,0.6321161012683779,0.030549457093379973,0
54,302,-0.9787666478612534,0.8720483384470077,1
93,391,0.3518910679064361,0.5272261808398002,1
63,148,0.13278069826415523,0.6325441099658279,1
18,365,1.7016962085334608,0.6444702771210337,1
90,342,1.3831450008722745,0.8197978049847275,1
44,268,-1.5337487257098361,0.3334073221591105,0
34,170,0.861127668958601,0.7330511898599934,1
74,399,1.265197251623699,0.5285781097221971,1
62,187,0.5593592087283311,0.7933940143053477,1
14,19,-0.3354121436941908,0.9905460327701334,0
95,270,2.4133939151171364,0.20065101740376123,1
48,416,0.6514092809270224,0.9946486415599979,1
15,147,1.9765442737282277,0.089812154282774,1
72,181,1.3514784294735072,0.002317547904813866,0
78,395,0.46413466022330374,0.04416193617783126,1
87,22,-0.5797009114736275,0.3417824047367617,1
62,177,-0.024104878152501334,0.6329063306784342,1
40,139,-0.2219124527935532,0.06902954088784963,0
85,93,-1.21451895564927,0.00566581452956727,1
80,330,0.650281574959703,0.9370910284587948,1
82,328,1.567353001959409,0.8219266359399297,1
53,110,-0.2983034945514468,0.809183171139031,0
24,338,2.163656499224737,0.8844242755019771,1
26,282,-1.5575827858617337,0.7000342727721044,1
89,274,1.0543635483872036,0.10440412974808144,1
60,468,1.67152023540541,0.39910018807372305,0
41,408,-0.20403058098106056,0.7231494864646295,0
29,417,-0.18605650514288088,0.2803344607915209,1
15,47,1.0427651758444012,0.6874063641362376,0
45,428,0.5059911099595346,0.02449844826765235,0
65,103,-1.9974113434595069,0.3061373408795932,0
89,104,-0.8433731545393808,0.5491303362771727,1
71,314,-0.013549548047459737,0.6320898295062423,1
9,78,-1.369698179685067,0.5770406644619108,0
88,327,-0.47417431642990365,0.6977562760734295,0
1,453,-1.3446854252439342,0.00608874823983907,0
8,245,-0.37017063055339033,0.10094119997752149,1
88,443,-0.3366227273211608,0.8689442522791451,1
63,343,0.35175467659371346,0.6817486440901612,0
11,382,-0.09175932399950061,0.1129316426860113,0
81,385,0.5027897210407561,0.8420744373985792,0
8,468,0.38354400747392153,0.2422312178245669,0
35,146,1.0313399942643104,0.4782598841952235,1
35,427,0.8737830409601158,0.1451965128846603,0
33,85,0.7681238351347166,0.7101100564217067,1
5,492,3.1048674284667217,0.6668544210142678,0
41,44,0.3474026366423288,0.21111247116613618,0
28,10,2.5935715038588616,0.8634007668570018,0
7,305,0.41221840224393347,0.4013060242197122,0
73,329,-0.08285091480589193,0.2925150910707418,0
72,415,-0.37316518221319706,0.15232958946453545,1
12,69,1.5097257984484294,0.26616801251553746,0
34,329,1.640503392887938,0.022026921223816998,0
33,358,0.599783855964729,0.5832574924561156,0
48,337,1.1335467745027057,0.8422307463439479,1
23,276,-1.2772204659230832,0.5489804494416418,1
62,370,-1.5487798225122118,0.21927396192387572,1
88,238,1.2463268857974537,0.03366917821387272,1
37,279,-0.12681149790302182,0.21462807325880284,0
99,325,0.7493024173975029,0.4161214280710923,0
44,295,-0.7172879499560781,0.7596114286997965,0
86,300,1.6569884697047754,0.1878428525377741,1
91,222,-1.5404186718890363,0.7197914533546861,0
35,174,-1.3855850864826886,0.8669334683518837,0
65,14,1.4443115837123448,0.45394684810835706,1
99,348,-2.6098417929829005,0.8214319916425933,1
47,388,0.3785688680949161,0.5546573480350956,1
78,87,-0.10732599559657671,0.637090837080905,0
3,419,-0.7359519192000298,0.5262784603382027,0
1,71,-0.19993984859036878,0.46317271675134175,1
5,141,-0.8475234930898101,0.23465344177584935,0
90,98,1.5422559460484992,0.30319405946104605,1
14,246,1.8044970883616096,0.289970118943609,1
27,51,-0.6857375867883446,0.5632889309538147,0
9,98,0.2755248774685312,0.11995369302388992,1
79,411,-1.3250764709360472,0.9167916907023351,1
15,305,1.0730521590031268,0.7206551452831133,1
90,337,1.0470091746433143,0.40144563091319363,0
42,304,-0.29526223270768964,0.15862414452637796,1
77,113,0.01688505841989535,0.8819921697216359,1
51,23,-0.09376544952267094,0.8237780901011652,1
63,297,-1.6184578336802757,0.7217215527171793,1
96,188,1.546004147600127,0.27154704741124236,1
52,134,-0.7669532388824308,0.40244663743366893,1
96,431,-0.7601492722579212,0.10274825245242336,1
4,362,-0.150419854461833,0.18903952472753172,0
94,32,0.9955485853622786,0.7830166373167329,0
23,72,-0.5913032150920309,0.7150387188506838,1
15,152,-1.9521852214034443,0.5934857629759347,0
43,490,-0.886998060729534,0.8957267259261729,0
29,162,0.4241404190789904,0.5832665178130454,1
36,154,2.189750287809187,0.4669679999636107,0
13,234,-1.2599199663731557,0.3403707463057627,1
32,459,-1.296501767480829,0.9404485057361726,1
71,471,-1.5125955008388159,0.0827154615243535,1
59,318,-1.636724991299341,0.9308873720608084,1
86,113,1.2056914600814304,0.8267146599310183,1
28,113,1.4946885753643797,0.1299299245357013,0
66,444,0.1777558935804024,0.5649843576752536,1
42,48,-0.4677127721408569,0.8665479817490869,0
45,444,1.791143786862626,0.5718091636071537,1
62,207,0.17390804165650472,0.9071998215606223,1
57,143,1.0894367093604342,0.9429838168160425,1
6,76,-0.5164489417218157,0.4223845221843059,0
28,400,0.044243854223773756,0.3773136614063236,1
28,188,-1.2373416454470463,0.9363211539691568,1
44,465,0.6292489718935849,0.6751400611496681,1
84,51,0.19093775077331573,0.11602268134816929,1
30,457,-0.8945632324137842,0.042291749222681196,0
62,24,-0.8811071495264614,0.5646290509972631,1
75,120,1.6159585033387436,0.9301709654384246,0
92,166,1.9716687504618164,0.8442487024058184,1
89,298,-0.21313533666732123,0.6758477464643364,0
62,487,0.06775357276216261,0.13911584889108752,0
97,240,0.40011447464821703,0.2542313837486956,1
1,420,0.14803175815968717,0.8755112265526162,1
27,429,-1.6742977205386302,0.18280723665690046,0
62,166,0.4278706771903861,0.27843940825043456,1
77,47,-2.0878890346006087,0.12960065119544195,1
3,450,-0.7326841912576191,0.6761082314144111,1
70,106,0.5054271466248177,0.9439823053632096,0
72,494,0.5999942079248373,0.26896803159538596,1
27,420,-0.81007308420949,0.4754066078500737,1
9,448,-0.45843694018691766,0.6343397397112043,1
62,298,-0.5938365089984536,0.9994662482156307,0
37,263,-0.10284416313606999,0.10480806499757211,1
97,205,-0.026794346635663536,0.49857079950570915,0
51,95,0.6684681295291105,0.38512011990250006,1
44,331,-0.5168968628897835,0.8658201652223552,0
24,19,0.37339619191355516,0.4759677310116559,1
79,14,0.5070157644871914,0.11097752458514809,1
59,132,0.1982893773718653,0.6344241452865836,0
32,339,-0.2596058224494745,0.7707806182638798,0
96,362,0.1806454642754404,0.0028812516656145926,0
88,127,0.7517402733935762,0.8589566854206295,1
52,303,0.8391848677163122,0.18602300000566563,1
62,406,1.815372684826906,0.5520693646533779,1
58,168,-0.9900262363062616,0.41579750068745014,1
52,312,-0.44000739099540254,0.7196538166105304,0
12,237,-1.613468660268402,0.37116161478574183,1
39,374,0.931009464327855,0.8697631766817108,1
2,225,-0.3345075063567468,0.7304963609587902,1
3,445,0.20619098202932656,0.6477131710629215,1
56,193,-0.6043385694466398,0.7962405955628543,1
81,24,-0.3267039949778253,0.7540230349283823,1
59,166,1.2231901054266583,0.03593867492155334,1
2,145,0.6942334104859834,0.39473435384482813,0
2,270,-0.11152205765894566,0.9308072973164898,1
92,166,0.767813919476397,0.12572426899222622,1
54,56,0.789900080037874,0.7370965504320512,1
87,333,-0.39142551668673525,0.9745918113353297,1
96,341,-1.4690795606362084,0.052198629044971634,0
97,182,-0.8991616270020392,0.6821938806266105,0
1,139,-1.340528603382517,0.4681541413010304,0
19,420,1.1644346459929071,0.5791752553747221,0
2,104,1.338115216447681,0.08534133648432485,0
53,124,1.5863738801590164,0.04300695186693948,0
44,252,-2.0195555489771686,0.6668666605509217,1
90,429,1.0714009103737214,0.8233094298207179,0
32,301,2.2121913093846852,0.7820153349329673,0
70,291,1.1119877138106449,0.5438057278662374,1
32,308,-2.1512296178706696,0.09986682113617817,0
68,292,1.7682983083967718,0.6880444438360138,1
55,78,0.04168903713194141,0.24188888355414595,1
75,157,-0.23239910650047158,0.9110687027673836,0
56,20,0.45109529658297826,0.8382653595457049,1
17,263,-1.0490069225704863,0.7093829670873909,0
38,339,0.002782370921578945,0.9488459558311304,0
24,369,1.6204296451040736,0.03142182151127293,1
69,47,0.6223968705232881,0.736200425060762,1
98,143,0.058401472102668064,0.33024277933640533,0
70,209,0.08960815992760873,0.9060658856863653,1
86,32,-1.1813939832988014,0.2666751966619776,1
11,312,-0.14998789139972546,0.724856499315017,0
16,355,-1.6342953356297674,0.8776470196507814,0
97,311,1.0224409523938105,0.041656818382682426,1
73,372,-2.1857104824753426,0.3976475795920361,0
59,405,0.85490037962071,0.7623090320219387,0
70,227,0.9794109008340617,0.4549188895075871,0
80,150,1.3187646157271942,0.2672526297935953,0
93,113,0.08685916316180281,0.21980534882319003,0
3,455,0.9166284661575291,0.1315182669163779,0
20,219,-0.15974664036521616,0.8571295598562823,0
59,482,-1.1866971176879335,0.575355403251556,1
36,490,1.530732392537995,0.07638494499145598,0
19,120,-0.09688582961507466,0.3825803235706354,1
90,113,-1.4095113174731944,0.3677336508051099,1
67,325,-0.46681494578978205,0.18173919070946298,1
19,180,-0.4273246825681713,0.4355076254721907,0
20,469,0.46169691812421204,0.33209936539313645,0
96,365,2.347047483372731,0.34180370549218253,1
71,333,0.5224186132825649,0.7390265577879587,0
52,142,0.2068438519965253,0.2232633855051963,1
33,385,2.455776199562555,0.6418599588553554,0
40,302,0.9788935399127254,0.5706496238809349,0
39,337,0.2542492041349285,0.5680925123378673,1
82,136,-0.479411858818095,0.6630073461417759,1
1,115,0.31620007620456086,0.548382036195654,1
11,101,-0.06639040409313654,0.8792551148463846,0
92,296,0.09143412755899637,0.6755800919502598,1
57,387,1.3144024247694728,0.5469632513713881,0
89,402,-0.5403221831374881,0.8297631202876449,0
50,60,0.5135407081635137,0.6061465649334797,0
23,38,0.948939989837594,0.291144247785179,1
31,471,-0.6621125168244095,0.20709491817657122,1
94,305,-0.822621415489101,0.1523277856626788,1
42,306,-0.15034192258090356,0.8994552125461016,0
99,223,-0.4616295902564609,0.7101354317980658,0
7,276,1.152332608741504,0.9373784381643208,1
16,416,-1.0017682785646547,0.603291805714943,0
90,266,0.06847136852867004,0.47340088149491255,0
60,311,2.546048333404475,0.059716488970889325,1
2,110,0.4130565337861825,0.6716422815460298,1
1,414,0.5792901443048852,0.5822087597682312,1
48,355,1.1606824956971251,0.9902088935876214,0
12,119,-0.4629490654253594,0.23915877778224304,0
69,429,-1.0814196287454039,0.5307373552868359,0
37,191,0.17651127616274478,0.6509573351180726,0
32,480,0.2654038283485373,0.6445911747423436,0
9,322,-1.6182107947131612,0.5612935429484027,1
99,10,0.37507191468277773,0.7769280103272255,0
19,328,1.069850498701039,0.20498120952681642,0
48,447,-0.9129480730240093,0.7256272002744159,0
80,64,0.4355558483748133,0.6197345714330892,1
3,380,0.8922636603701339,0.8960751117945733,1
20,433,0.5866782085300805,0.8471944390335817,1
24,408,0.6810062387415571,0.31514703913255326,0
54,158,-0.24480024180630117,0.2762373249751531,1
33,440,-1.127504337740596,0.9816533238524479,1
24,466,-0.44714646238391303,0.5272651809152565,1
75,318,-0.5860571018706248,0.9064209639144368,0
72,146,-0.08025904620754583,0.1638810237804822,1
36,211,1.0932709054599299,0.6428189148001743,0
38,445,-1.3118401281641687,0.8098601873605862,0
84,322,0.14425002281739083,0.9473952495864468,1
99,126,-1.0634016455178528,0.3373401410170235,0
89,163,-0.7400469178227713,0.7249811699240525,1
99,434,0.5587407526118416,0.538813009039619,0
25,300,-1.1899450533656992,0.06062892606646819,1
93,72,0.7342442897029785,0.6899997373089434,1
18,253,-1.352164446624725,0.6900965582378434,1
82,34,0.66698040343816,0.930606804846537,0
66,99,-1.549531269578512,0.4973124461689724,1
54,84,-0.6178126792566155,0.23025092071051467,0
35,303,1.8964943831295615,0.04456382344867915,1
80,395,1.7085463697668863,0.4156421866859057,0
61,400,-0.4125246525171453,0.3019167000775018,0
41,219,0.3899605860299014,0.7610883060238756,1
33,484,1.204068018884884,0.3542677648410466,1
68,427,0.6812961744204711,0.9490711963148439,1
33,356,-0.2734642464548241,0.9623102029877842,1
14,26,-0.7486353140363331,0.6209085902177081,1
21,137,0.8681031429579297,0.9286602870148829,0
48,436,1.1307033086145013,0.7608543445144956,1
20,452,1.715701834394388,0.5468596409751262,1
8,373,-1.687249423453071,0.18030793542277812,0
7,260,-1.2531247882010523,0.45859794351384,1
67,188,1.1619236021470807,0.5608744633626176,1
17,191,-1.5515305467501768,0.8639615807350102,0
33,161,1.2385499549119328,0.4813333765356649,1
48,34,-0.2149325059853921,0.8976746726779566,1
76,464,-0.5209138193366847,0.6743489790234689,1
59,189,0.20542859627146925,0.13699906305367138,0
86,207,-1.3453684522354987,0.994981369325093,1
22,353,0.8240148305983517,0.5272326607539126,0
30,170,1.6896369976946968,0.3918582964090789,1
38,186,0.8705762158142415,0.6591137644695265,0
51,294,-0.24650869255414082,0.10889331398103907,1
54,72,-1.538035707765441,0.6365386467533544,0
8,159,-1.499587456202933,0.49823600049927297,0
27,163,-1.3296433022393077,0.40667406999858313,0
27,165,-0.012278277112317357,0.9530200211788992,0
98,379,0.11340006327260466,0.5225397167320532,0
21,478,0.8684435107409955,0.21911747946993843,0
30,58,-1.7960289864830756,0.45896347937729864,1
97,464,1.3112102303923998,0.9193874045726727,1
28,346,0.6944063189453711,0.17609547133059467,0
64,93,-0.32683629306213485,0.2139570386882369,0
97,370,-1.1897615417321001,0.013029567757083749,0
69,186,1.2491406416911188,0.01419004939576718,0
61,157,-0.300093961237384,0.8293916269585125,1
48,127,-0.02001889934442878,0.7321226068429558,0
19,351,0.38361197078793213,0.35504105645195827,1
4,485,-0.9131989057816112,0.6983111572275728,1
35,72,-0.28218057902524896,0.3952059263099702,0
64,198,0.86531690202038,0.9528967959978275,0
49,369,0.764096078496275,0.9670526814260348,1
17,58,0.7731072066952375,0.3927937758093434,1
44,336,-1.1551797511404318,0.854221906340868,0
92,266,-0.23658035072914094,0.7730890416974662,0
30,233,-0.3963938350478049,0.3099999371717893,0
93,150,0.42517884227470176,0.23203982890110597,1
46,487,0.3356579896488977,0.45823465039283384,1
6,224,0.15542733074293652,0.7813488406144062,0
99,444,2.465733955419929,0.9601677847287454,1
37,388,-0.2908060801440377,0.7635790688665726,1
24,449,-0.4078230860685443,0.85520698501837,0
93,220,-1.156749670336056,0.6030643061705165,0
46,327,-1.5378473259288705,0.8354078308421259,1
53,41,-1.2203173772157754,0.7844208580034177,1
95,167,-0.7186819254432798,0.3769855419262801,0
99,294,1.3100730944378527,0.5519903021207211,0
60,314,0.03916390436185879,0.8047531219896948,0
97,438,0.19333066695273338,0.04605673418995637,0
63,486,-0.09627330820209662,0.8080792823558299,0
85,295,0.36530099302178864,0.17788812404902343,1
32,153,1.4020721472178432,0.514683617121439,1
87,433,-1.993930836268036,0.8082754395559376,1
33,28,1.2183373155853803,0.25382107815669486,1
67,27,-2.515038452535007,0.245807439306153,0
18,266,0.028202711521927642,0.40276439846225187,0
25,87,2.1919073547444152,0.8946427975776345,0
95,380,0.680657939531544,0.0004427814372078842,1
54,184,0.37305893532063655,0.9013830966419349,1
58,203,2.0019459668029733,0.15380702464160778,1
67,485,-0.7030628980011439,0.9900863760674821,0
46,122,0.4339674224650475,0.9548469930384681,1
24,123,0.5781170974738931,0.4946751895912833,0
32,231,-0.5224021342270257,0.5127202478126281,0
47,175,-0.4341101794959805,0.4815493402758543,0
86,444,-0.5437794332233397,0.6354436456595226,0
23,328,0.08731497400856388,0.09072170223493103,0
66,141,0.546691605771313,0.032617948341566505,0
27,394,0.1232302729146622,0.05770292841589886,1
2,273,0.7094618174298554,0.4443653492415144,0
90,422,-1.9691472859735475,0.2755479392194834,0
17,64,-0.21825116374283668,0.6220395623709938,1
33,368,-1.0234193103506461,0.992442289374779,0
9,140,0.30172251268289835,0.3863231730764659,1
43,297,0.2869174286723232,0.5738412541045134,1
48,275,-0.11562211495745531,0.4156038959073355,1
39,467,0.5102790105320711,0.8472716677218594,0
93,476,0.9978127182640276,0.9022364034622381,0
42,375,-0.06052052230630854,0.87735561220526,1
26,171,-1.051694888099702,0.9743722386792576,0
99,389,-1.581257570919481,0.027519185140415292,0
50,490,0.03611017533012821,0.839816162145531,1
25,96,0.24186670151354087,0.7517721730390933,1
24,64,-0.969523889519979,0.22869440940036478,0
13,485,0.7257668231630326,0.9563200933875275,1
60,297,-0.45895688582457345,0.14817792822994547,1
7,187,-1.6564328651711504,0.6795499271339084,1
57,400,1.2564363423451892,0.22489021681591248,0
36,358,1.1439879192021631,0.43138064877407467,0
45,17,-2.015599436663098,0.7191598969445689,0
20,330,-0.5626002816536924,0.5633246420330467,1
65,322,-0.6015836814142763,0.4275018313281117,0
8,256,1.6394886594175027,0.3263384309319872,1
16,332,-0.09929271004165632,0.8396596557087903,0
14,481,-1.4958781980554177,0.1438143503148137,0
76,480,0.8821047822408783,0.43010287652980006,1
87,452,-1.230775545766081,0.9037575717751422,0
15,264,-0.26034049072176124,0.8458495504599677,1
92,337,-0.7697688778808768,0.4009417624730467,0
98,63,-0.56045509827994,0.7631083636013083,0
66,258,0.9372580895639391,0.8231608307088593,1
32,248,1.5213301613321657,0.8888874240036297,1
87,238,-1.2743687463793785,0.544505769049228,1
63,76,0.6260764255078172,0.2044608860547118,0
86,60,-0.7327536296899959,0.25530907650393164,0
51,106,-0.7016719100240756,0.2956946740416042,0
25,101,0.4906362214227146,0.5938024808096155,1
58,273,-1.027902765713695,0.03280962412860844,1
63,427,0.47060260077504473,0.6360424687799683,1
62,300,0.7301133565097351,0.364354238428232,0
22,105,-0.4325322616990184,0.29524180248964216,0
58,97,1.3270781020136666,0.8794965707281264,1
58,87,-1.272824612061507,0.4600023955807989,0
86,297,1.345406190611672,0.09505304553269278,1
49,129,-1.943987429485133,0.826746768026247,0
52,311,2.6997141404195095,0.0476412574365066,0
42,409,-0.4062022386218326,0.7267492241681967,1
70,461,-1.1623071563876177,0.7739062217706651,0
15,174,-0.23267190851999858,0.35260260592885817,0
54,191,-1.0464779426244284,0.8247878562777867,1
60,478,0.38696529885454223,0.5156594058564534,1
97,407,1.3676573314701472,0.4632936532727968,0
8,232,-0.9934562260566775,0.04540328146869255,1
53,320,0.5793992391740034,0.2900291936489059,0
60,441,-1.5327353688957595,0.9310099708852998,1
5,475,1.0329547332286124,0.3918239632835,0
68,16,0.41623636692759547,0.5467005205567683,0
6,339,1.0761833213303202,0.5320216789842518,1
96,272,-0.12234690264110538,0.5904310898226933,0
94,170,-0.4351565978547518,0.061330955643282614,0
47,160,0.8161174360573329,0.3621762547987283,1
99,94,-1.3080485215584186,0.7231282738825542,1
55,156,-1.7428243317335752,0.20056025107298292,0
40,121,-0.0049619840400380874,0.20357837754636043,1
52,390,-0.38959660685879244,0.010090606689024728,1
16,412,0.553833331781546,0.4374819266082097,0
13,45,1.091551424313997,0.882734380673422,0
30,294,0.533014079151139,0.05190094358730901,1
19,197,1.0119033118267453,0.19111870949600263,1
17,91,0.32105233333216393,0.31008453834275507,1
63,11,0.4945957483210984,0.7317247365642129,0
19,394,-0.11665720983227088,0.6406355928025865,0
92,312,0.46504546101518207,0.41594390458185504,0
58,206,0.16665282856351338,0.7590689392583757,0
55,413,0.3251767965290638,0.6096310116569019,0
90,20,-0.1667240330868389,0.8960407996572191,0
90,243,0.8089292004712981,0.818026749138693,0
62,395,-0.7104525498349515,0.25281360608920056,1
23,204,-0.018349020904106537,0.2714385776342002,1
9,480,1.3117839002075757,0.12535647579238562,0
12,128,-0.9487218229211253,0.3369647257174565,0
1,405,-2.161845461752631,0.9995439187190943,0
58,29,0.36645716629797204,0.405751168615061,1
1,270,-0.2569544903534993,0.2204884346891064,0
34,302,1.0108622403718392,0.762482884475553,1
96,431,-0.13051507989699376,0.5424710034626561,1
48,265,-0.6043390715633118,0.14960144952695253,1
89,231,-0.07581739581821335,0.38068968116086577,1
1,402,1.0930685866132108,0.4144697155393433,1
16,235,0.5753696271923753,0.7538297005692186,0
61,62,-2.4339022565480346,0.020671368891904462,0
64,437,0.18576749208677126,0.2690196467983105,1
63,364,0.23576213240140492,0.517596301315522,0
69,351,-0.01824996520051934,0.26884674245284335,1
22,373,-0.6108898915685892,0.6284340474189989,1
93,289,1.1945318745064444,0.4818674792746166,0
67,90,1.2440339481348617,0.36171025485958064,0
76,211,-2.203160460825862,0.9492086268705122,0
26,167,-0.7979594777414443,0.6321594991864574,0
16,129,-0.14473065128572005,0.12994137226794122,0
51,68,0.9485082037166699,0.5600916974433955,1
86,224,0.034852876391766284,0.780731853200901,0
57,137,-0.6835938001649233,0.7084896974927973,0
29,233,0.7095335773073748,0.17208922929525938,0
78,218,-0.21133608555099248,0.9724199990401033,1
92,379,-0.11740085915495976,0.448813645746606,0
69,124,-0.0271584334040762,0.1590250037402613,1
47,218,0.5743084408384841,0.18019575412814792,0
94,23,-0.3085496016737873,0.0982349921890805,0
62,18,0.6869464926472221,0.8035181084349343,1
69,49,-0.07306896840707273,0.12203049432184865,0
76,459,-1.067016586417876,0.12512525714174694,0
16,246,-0.03677630569544812,0.8504716147608377,1
90,290,-1.015213403145215,0.34460408444755963,0
90,368,0.04098678977594188,0.030857904308072448,1
48,210,0.8294739292314663,0.051895299518410876,1
85,255,-1.0736290060021147,0.14217044670389556,1
39,287,0.36427340580443873,0.21339334797568954,1
33,244,-0.8290374583532079,0.6651461942384054,1
94,13,0.20170055991654703,0.15732628000182824,0
23,163,0.8602042420204842,0.11887439117707199,0
10,451,-2.1295130741100414,0.7647191414762792,0
69,38,-1.1144758268713455,0.6710552838599144,1
34,118,-0.3689794451099221,0.4353242214552362,1
52,107,0.31504048918161526,0.549309771480104,1
95,224,-0.1663833293583238,0.3119840203264185,1
10,302,-0.045880781980918925,0.48250042023536066,0
19,84,2.0429845253512564,0.5066726489827458,0
58,335,-1.2124572788492276,0.3872372711780959,1
96,155,1.1354850163627703,0.9065722106721628,1
1,137,-0.3499781271544168,0.016061864981006146,0
69,350,0.5494747924987342,0.7821712630912462,1
4,51,2.1289465557455998,0.12438283124132432,1
16,365,0.688678023685426,0.7975473605371994,1
24,50,0.3724957097899999,0.6159119156767212,0
80,431,1.5991223351493755,0.8432780909364024,0
2,43,1.1247986445931917,0.09751432564089746,1
92,26,-0.7993940761614355,0.558980634099774,0
32,174,0.2945247424538556,0.5010878802621971,1
91,162,-1.7174957341407595,0.7061931829633586,1
84,495,-0.5401533883742511,0.5342905518936758,0
24,387,0.3140529675998594,0.5407345671331042,1
12,85,-0.6021053527812588,0.4295959435760647,1
50,96,0.2733667459719246,0.30883442400734085,0
35,126,-0.01338461565303896,0.4822643612521922,1
33,371,0.5364167323950428,0.11849235876840059,1
33,351,-0.4241990220281109,0.9615133389830848,1
61,478,-0.9401489144367132,0.7144107636265983,0
51,36,1.478126826173261,0.9524671166878468,1
43,322,-0.4956967426899445,0.22672738232996326,0
12,296,0.6600105931171182,0.879341020176528,1
67,143,1.435247026472536,0.8087899845635385,1
65,228,0.16266999899753198,0.6771524124576737,1
33,177,-0.8563065694431494,0.6250291860852057,1
40,107,-0.17860997454734448,0.31654966526787,0
74,277,1.017540916606753,0.8164107849650307,0
43,246,0.20624754573786294,0.5015154614797338,1
44,318,-1.2051417922042769,0.07089157589128536,1
29,464,0.5966438335337123,0.31286316085513,1
13,403,0.7695314690509986,0.9352970985453276,1
12,182,-0.3553118861179337,0.8506802606048463,1
95,410,0.6102443756047459,0.9819056980765392,1
46,419,0.24501859546046723,0.6279933826040981,1
2,478,-0.1974295386420392,0.24751007314041196,1
35,485,-1.2935357435936636,0.16281504967686378,0
87,199,1.0779538951057577,0.18691444060846163,0
81,131,0.7592109999198332,0.019795658347254386,0
90,55,0.5838862943753126,0.3906821109859392,1
8,73,1.5445260036780937,0.1914276804995425,1
93,139,0.9451937270135937,0.4116554604567024,1
26,319,0.6865660061515626,0.9349944318387654,0
74,372,-2.213227348026831,0.43054020950718996,1
90,202,1.1968949518024157,0.8779844969848348,0
34,316,0.08308051428205071,0.6055047666158765,1
7,190,0.31249168025713864,0.24713155466139192,0
68,301,0.3193331896933858,0.3558547592592114,0
58,380,0.7738327436422795,0.08391953582142941,0
75,291,1.1221750288016852,0.3334625935960105,1
29,38,0.6342411430592223,0.677540945503534,0
36,158,0.4752855893198915,0.07211109292943518,1
89,276,0.23151273929557145,0.20540140847802935,1
21,305,-3.351610516904678,0.3814410414133115,1
36,20,-0.2875910194501882,0.9820495370159625,1
10,173,-0.9415895173506456,0.7848618229588802,1
73,122,1.2107395389390851,0.7334867464921039,0
24,196,0.6190371982862937,0.11619095652544598,1
64,304,-0.45813698721373425,0.7809958936149914,1
99,241,-0.35771718226924426,0.7852688115160151,1
49,236,-0.3939813633024213,0.6011026956243283,1
99,319,-0.4118261543189197,0.9903617819983719,1
36,107,-1.4445574435247972,0.32525390592455194,0
82,64,-1.6612794932777677,0.9412724482418516,0
96,120,0.029046772381743993,0.9147311149565036,1
24,161,1.0753141393593546,0.011480659749377842,0
23,255,-0.5376896974278628,0.45011652647481104,0
62,415,0.30344475092404516,0.9771042330515733,1
96,78,0.7342609171767251,0.10312136240807579,0
37,321,-0.9933782055838566,0.5477846943833194,1
12,298,-0.019975428719903078,0.9789575070411041,0
55,259,-0.666520481273515,0.5554954241058602,0
13,45,1.6061194918312938,0.18981530297215599,0
23,248,1.5624595068621143,0.5821832300925898,1
89,157,-0.9923428398748506,0.20444057394954684,0
99,476,0.3858843830843258,0.5197042628944842,0
30,236,1.0675993008124904,0.074042217912348,1
17,253,0.84832950037633,0.6054826692144046,1
62,346,0.08156303498436555,0.5167899391281582,0
84,455,1.3065574617643476,0.7401613687614631,1
89,374,-0.9045146889894328,0.630700471158785,0
86,491,-0.30309294439469225,0.5496062685307567,0
13,210,-0.877642419759575,0.6897788492481212,1
59,163,0.7824934947006217,0.14394191357223085,1
19,459,-0.5826368742994515,0.5953596612586041,1
49,82,-0.17124917543708565,0.17211060282277768,0
12,210,0.6176703682657487,0.9255222078518809,1
61,305,0.698249913777816,0.0683341048456042,0
19,26,-0.9071263462552507,0.43037474969079326,1
76,138,1.0566552837727923,0.6957974776554449,0
9,226,0.4556896686672513,0.45802221166825874,1
71,70,-1.0817028395804014,0.09209525323290235,0
28,436,-1.3277158957566129,0.5533790161267074,1
78,113,-0.015819710262067736,0.6416319088273545,0
95,51,0.8500939893168088,0.7037923109905077,1
52,34,0.8757158624009802,0.3732598144627589,1
83,48,0.3561668772248425,0.5636599710287622,0
16,300,0.04867483832682586,0.4506864749389131,1
69,140,0.5117376690790052,0.6720560387522534,0
99,238,-0.8553305143892584,0.5835569673248185,0
12,117,1.6869878630253914,0.5257562195591349,1
25,181,1.6739384181225205,0.24952436683824863,0
52,444,0.4288123146206977,0.0020185177482339167,1
85,487,0.197300419992852,0.17408167531142926,1
53,111,-0.4114209726593703,0.11706604142416865,0
23,363,0.5287488457996609,0.44908474501094675,1
16,21,-0.6913173710167768,0.6122581507618446,0
57,284,-2.2236120309955307,0.21308500868480817,0
39,110,-2.7141073004910865,0.9390570959671871,1
53,53,-0.7994983331634866,0.006682129223887778,1
42,452,0.15637812291827763,0.7723010151653429,0
58,314,0.33197173395348273,0.6252047695304422,0
39,454,-0.48675700850928494,0.3735548010476819,1
14,26,0.1418351671429033,0.05048894441240792,1
95,339,-0.274228357054531,0.6274865717842794,1
5,66,-0.9993127576501374,0.38561351286564804,1
35,320,-0.05374450896912518,0.9362671394132192,0
87,312,0.8129571123656494,0.5419900748897659,1
93,21,-0.9540617477463222,0.9396515112935082,0
75,327,-0.953604613019698,0.2204836934733041,0
18,89,-1.0692505939521582,0.7257259103641033,1
76,225,-1.9365187345081158,0.6172490208487257,0
9,348,-0.4802023741470187,0.7394082298313118,1
74,273,0.714086112952531,0.2146678639725368,0
58,488,0.1739160838337627,0.6649945162377737,1
17,158,-0.16925088405630662,0.498040393056869,0
7,90,0.1290647982401689,0.7428249749063163,0
46,224,-0.48898148742915815,0.3270446441518178,1
13,494,-1.9478866372634722,0.8900570254652526,1
40,383,0.7837187818145658,0.08430131461135038,0
42,473,1.071124573784651,0.807189318791188,0
9,207,-0.7281567760677871,0.8613196258150908,1
50,209,-0.1508356206065558,0.8172523113668212,0
27,34,-0.23699917106016016,0.512726394261776,1
66,475,0.35128880942454155,0.4383849800307613,0
5,98,1.6898934566262898,0.9962622865248768,1
29,277,1.1597912452893056,0.22917195121416212,0
37,152,-0.376914225413896,0.5468759658760446,1
38,68,0.542463861500237,0.6706755253823256,1
83,419,1.2543568685727127,0.700867635861432,0
8,498,0.408345164394778,0.2040246657385787,1
65,374,-0.004699404440172449,0.6539940923398012,0
86,35,0.4460000946671858,0.8183695664813373,1
17,56,-0.7032715225634733,0.050018576821112215,1
71,297,-0.557281124104081,0.9115212933253165,1
89,275,-1.0640342352010974,0.029504055145205932,0
45,25,0.3070645165702432,0.35597103248839435,1
4,208,-0.13140290602223817,0.015813196232962068,0
36,410,-0.8231180613480796,0.07714516853958187,1
70,416,-0.16417941162050506,0.9111682851800791,0
31,291,0.46999826076317,0.3548608307461478,0
19,478,1.914712305997992,0.4247715304250529,0
61,95,1.0120678647038581,0.21534438138255263,1
54,259,-2.28414785748234,0.5970957701867198,0
39,400,0.2393084668203457,0.5948032146777896,1
91,279,1.4293242627128546,0.37220039182521925,0
74,344,-1.3378734912102326,0.33303487180539837,0
90,126,0.5515592702124238,0.8849643081805878,0
19,16,-0.23664218553104593,0.3832842396422014,0
39,146,1.1502905309161608,0.49350099215440824,1
67,380,0.40425719501345225,0.28330476242493063,0
45,185,-0.8840154545592064,0.7867695033571274,0
13,337,-0.20085147829061958,0.39744815689909163,1
92,324,-0.14169567604762318,0.5136110465443245,0
58,224,-0.12317821481004927,0.2533571700596614,0
20,486,1.119262944775263,0.9876595923412518,0
92,91,-0.8426199213902301,0.2914957409237229,0
72,232,1.0030513096611837,0.7707425309055517,1
61,487,-0.30224967592152013,0.4274956503567592,1
39,381,0.22351110632916493,0.20621740508413988,0
1,432,0.07237758628103405,0.7997187639648612,1
3,492,-0.02180533808183465,0.33360678902904317,1
77,411,-0.01360283444532232,0.8651933473978111,0
92,452,1.457358558271021,0.915257184917823,1
62,499,0.8424499249061446,0.8598238353912759,0
63,112,-0.3627156895799299,0.03500791480680565,1
25,282,1.5827872541220913,0.7873733450051056,1
56,23,0.2746810739928528,0.4113394664991439,1
33,168,0.3576242593238943,0.8737229201822251,0
38,161,-0.8373190793313915,0.6379542626847388,1
6,492,-0.49749865840514007,0.8336431341439584,0
58,117,-0.6885035079271756,0.49943176986683535,0
44,197,0.08607286499367499,0.5350255045989328,1
45,310,0.6387830794482092,0.14438763213366723,0
32,107,0.3672322994222134,0.7839873586893554,1
45,140,1.5880441560695817,0.41938961166697164,0
61,302,-0.8877580052112352,0.5000801182715826,0
47,180,0.11486904353888214,0.7850977140957076,1
21,433,-1.2829393292982947,0.598845400079439,1
80,483,-0.9218709716032621,0.20109872744266744,1
85,192,1.2645783773384636,0.5902326591508927,1
75,480,-0.4631648664714657,0.40763285797965576,0
36,373,-0.803363796060271,0.46952554204386265,0
99,48,-2.129976875582947,0.028311274402667785,0
19,24,-0.8133546477889175,0.2100293495162816,1
20,385,-0.20528027419497888,0.28103808138102826,0
57,13,-1.357402959786211,0.7129600078588058,1
18,358,-0.26278338898246867,0.011492473298115313,0
47,479,1.2706310606582234,0.40877726122913205,1
49,418,-0.7073053403283327,0.9240268704257328,0
14,406,-0.9433830493699357,0.11188061654912385,0
15,219,-1.123901466865093,0.516424388218611,1
31,170,-1.1417640925158001,0.786522382390847,0
1,25,0.535577446888429,0.9425313075201167,1
54,435,0.048668736883050644,0.746776639533718,0
3,117,0.9568568792755741,0.7205655486444061,0
16,391,2.019837891654255,0.8264880901957624,1
87,459,-1.830391131909148,0.44620122097754367,1
57,320,0.3800787084417732,0.8058445326178331,0
75,236,-1.1186193344335598,0.007964404745451126,0
12,179,0.7888992980334508,0.9245610553768049,0
74,43,-0.27191200107343627,0.4433065095171753,0
96,423,0.027322760864173432,0.5533801878657476,0
16,260,-1.283177427929808,0.2548822489148823,0
72,256,-0.42642702511316743,0.7425308328404214,1
76,278,0.08966225110825957,0.07663580647524881,1
24,150,1.3560781468067082,0.8726358025468353,1
28,283,-0.7945605274085543,0.8281168290063428,0
8,425,-0.550691571530313,0.2160601162447664,0
92,105,0.9442896421822814,0.8093243982852624,0
36,236,-0.8593402836993107,0.7863577330614815,1
90,388,1.1423851439741257,0.632216597753949,1
8,48,-0.009086574726255944,0.37352017689968753,0
58,311,0.30312296159184327,0.27149875418186786,0
60,38,0.3675223025093705,0.23178359028935003,1
50,455,-0.6162205534066079,0.3186089627636072,1
28,486,0.3898868194723952,0.9035584434325303,1
92,327,-0.7723697843143003,0.07764077598878127,0
41,254,-0.5021030040988799,0.8288712762529586,0
64,245,0.5586909660332754,0.34889007504182357,0
27,194,0.293393955641903,0.5215993960113582,1
63,281,-0.07496495083904774,0.7944856336484907,1
17,449,-1.2587316492630107,0.8843765470229713,0
73,245,-1.00915828934963,0.344781420072647,0
33,248,0.2767090439049846,0.4618434812751103,1
84,386,0.732140563485116,0.41451606481679226,0
77,275,-1.1096455045207572,0.013251033503910548,1
92,423,-0.8398252474521676,0.2959428888586566,1
29,418,0.13418517417771947,0.4591892337325618,0
13,368,0.11278786262909331,0.4110936088804398,1
46,349,-1.6239572087610412,0.7219292275156795,0
35,398,0.16156301343998902,0.38480361722110323,1
6,74,-0.5983678102302188,0.48937644897067023,1
82,487,1.641046629728958,0.42960859213236335,0
69,186,0.24919854273565617,0.7406261488943705,1
47,12,0.4214734498759029,0.8629723989869625,0
25,438,0.4473593021906108,0.5318890790075141,0
66,151,-1.2139273806525643,0.7894321941951912,1
10,385,1.9438768931086035,0.2967866820198506,0
56,167,-1.6229112474511733,0.5413696101572687,0
30,333,0.7957031416997422,0.34522995366997244,0
5,155,0.6186639374806492,0.4142009255718303,0
33,455,-0.47700237991295996,0.7324138648126686,0
65,302,0.6664503167133892,0.8816624823327127,0
18,162,-0.3175731988237379,0.12149539108776541,1
96,441,-0.6754614448557782,0.6346392564873805,0
49,202,0.46955916935292735,0.5821438075777985,1
11,446,-1.006560991087902,0.11841503917593188,1
85,472,-0.22425515875756974,0.21189433044010908,0
26,82,-0.5941767487299575,0.31100249473268027,1
63,408,-0.3359795095729449,0.16693107081750147,1
89,314,0.4327285991301843,0.2437294825243418,0
86,386,-0.5943663723462062,0.2676007988617075,0
59,353,-0.19232391307236457,0.3356738330390596,0
27,461,-0.5031452519015814,0.749390452801159,1
49,149,1.4439966655745458,0.5719122038506007,1
77,196,0.3426123982138901,0.9862466719514015,0
33,302,0.22006963296671936,0.414735826967471,0
98,70,0.683418504623424,0.753865073836925,1
99,494,-0.5941345767748866,0.8714684213765338,1
1,436,0.8592572249998405,0.6789784930380419,1
21,389,0.34617774583274147,0.411864740417496,1
55,207,-1.5608909027540654,0.753594630745753,0
6,304,-1.4280308331007647,0.20366713777268486,1
92,449,-0.5722970527840657,0.3275521651801324,1
81,328,-1.3210064958651702,0.5466852550992888,1
69,311,-0.23827846069958317,0.5754093872861483,1
95,353,-1.013737991415864,0.022141475472629457,0
5,20,-0.09772305307091878,0.9451141887560087,0
3,71,1.4117093759314558,0.69662727121739,1
53,342,-0.049376903556185035,0.49570375023189106,1
23,235,-0.30296445490192875,0.9331272344083084,0
53,162,0.3882426477853441,0.4390955652508285,0
37,208,-0.6964197929226035,0.9804355702703718,1
74,61,0.8434143093959997,0.5122847572434851,1
74,269,0.49521295312411195,0.11428576999797946,0
83,68,0.03886556204856375,0.7648009724592773,0
17,81,0.15431583163358636,0.6788977250778405,0
85,157,2.041745910562852,0.7729867213055868,0
78,358,0.942312210267868,0.9514420287256811,0
73,72,2.199526631161334,0.7764893026510181,0
1,319,0.5320301932924523,0.6113366022166469,1
51,382,-1.4716914426706882,0.8573089023608409,0
45,252,-0.26217370286384084,0.6732464393545315,0
77,375,-1.7002048745480662,0.4081190568259231,0
4,339,0.5283030346669183,0.8856197642417732,0
62,116,0.7454041973454018,0.22190046078437287,1
65,235,-0.8859159959592792,0.7146412749087242,1
32,322,-0.6556363796468532,0.8815634549407569,0
34,227,0.14875089623521523,0.7313165197032963,1
92,434,-1.198104063264218,0.6972754190538569,1
95,250,-1.273159769242533,0.752638294071836,1
72,268,1.2386320480411208,0.4650552483006444,1
39,385,0.11471061816396835,0.874170682157026,1
26,271,-0.5581093577059559,0.2034364751360912,1
34,14,-1.6921188885572191,0.1273864160003393,0
54,270,0.8523513568944722,0.28550878011851155,0
3,63,-0.6845182122169692,0.5315773967749932,0
50,56,1.8606844458705387,0.5105617954093381,0
12,224,0.8593100976934448,0.8205987576765866,0
65,186,-0.808141854407269,0.4045686564040174,1
54,18,-0.7154716971314717,0.48434442629150865,0
5,108,1.7218511629443316,0.013367683259395635,0
94,29,-0.08425944683450466,0.4097392364429391,1
94,387,-0.5133112283233697,0.6477742329503421,1
57,250,0.02772168847657001,0.015508330626592182,0
17,70,-0.5179126500537902,0.28088196518624375,1
47,388,0.24104847710816502,0.20795635928938994,1
23,499,-0.07582362151826307,0.04198542890958823,1
79,428,0.8755079805115086,0.4792600899145375,1
85,187,-0.3885741032391265,0.1817232932281565,0
14,347,-0.8848163666896469,0.7430815396313801,1
66,71,-0.3489846966235856,0.8479278837633485,0
75,154,-0.35508389822404607,0.5455851826691478,0
51,225,-0.07753381519399347,0.9817073425211416,1
38,12,0.6345402880572247,0.45047857147059533,1
64,169,0.5799089674719204,0.5133682102249155,1
98,236,1.1996586758585681,0.9892177539577501,0
38,495,-0.8114896777335243,0.23154843596504882,1
50,278,0.3887201230511087,0.9425459396769053,1
98,129,0.7273198470207146,0.042837555119113246,1
82,390,-0.6742204063118639,0.4463868902631948,1
30,98,-0.207631052982379,0.07000351213306577,1
79,338,-1.7499778742187968,0.729234742913643,0
91,77,0.906857695125735,0.6084089358800178,1
51,407,-0.2154982023198693,0.7066342634675964,1
63,366,0.8065641766809994,0.37448039996801696,1
98,107,0.20604951787951314,0.3694819340313803,0
52,276,-0.1851652289748735,0.045319278960894605,1
38,114,-1.5928027993524858,0.3499449395296398,0
97,449,-1.41495261071644,0.9292884022620594,0
88,332,-2.5931461843417423,0.37922653718044896,1
79,132,-0.5626134828286562,0.83136770622197,1
30,485,2.278248703181248,0.8423255047499341,1
51,38,-1.2879473895179996,0.37324115637923383,0
81,146,-2.631431883419906,0.631988680396189,0
5,204,0.9626689195855317,0.09537160227305863,0
29,418,2.363717869296701,0.1036785807342765,0
4,235,0.2979210652598027,0.04865766366171331,0
10,341,0.2887323947199601,0.5810150933751095,0
56,179,-0.3098820736437513,0.426070977626097,1
17,18,-1.79425723051006,0.5480323566642401,1
74,472,-1.4507119177434764,0.5210731905083879,0
17,49,-0.3167533293985182,0.3502029910907303,1
84,34,-0.5084553400297436,0.6774734148234729,1
88,270,-0.11517292776994209,0.7585018809163907,0
69,404,0.8293248239281591,0.014628258877675715,0
34,452,-0.5818378319170209,0.2072422997688783,1
6,235,0.8497167564046113,0.7132358680833368,0
53,481,-0.57528970990277,0.3866201726338342,0
66,133,1.0382395928657568,0.6624839469416082,1
77,472,0.08636756707342344,0.3469626597345584,0
43,47,-0.4358303409215121,0.3907551523296371,1
75,337,0.06929406054888966,0.15867887368968492,1
23,260,-0.29353884215756676,0.25823101966616,1
55,398,0.11313423767997162,0.6054117575075872,1
80,185,0.7581061985174717,0.4331631113151664,1
95,99,-0.08721559841564996,0.7743026829445951,0
75,411,-0.3695688528537811,0.8525849549383427,0
16,463,-1.1235162049108292,0.5416464182167599,0
8,46,0.5791780192917145,0.7582672920560591,0
4,325,0.3482722264027249,0.30690451319457,1
4,185,-1.181942850927521,0.4149712154000782,1
56,470,0.835494277920761,0.712777676216831,0
25,293,-1.1981840326023356,0.38621199281703067,1
67,462,1.0292217912338935,0.5885049351589888,0
96,470,0.6878633271870178,0.18537277908251149,0
67,90,0.4196655225980695,0.599771314970498,0
27,123,-0.3769951591670362,0.8615137072268936,1
93,49,0.5757797826664528,0.8686396398234256,1
32,310,1.0763719952411803,0.7243444063295397,1
50,233,0.5923519211081734,0.745753379076126,1
61,327,-0.6702500217262376,0.5579274451507007,0
51,358,0.26740698235546406,0.5846680901658248,1
19,124,1.132034986295036,0.133650581410518,1
21,195,2.199098180556703,0.4438591884213011,1
5,332,-0.20521297449919623,0.4507762838863638,0
82,65,0.8578831061314305,0.9584978356677402,0
92,49,1.1344805200843187,0.43108686262328944,1
42,363,-0.8124049989897638,0.5493426449027576,1
61,49,1.7820783180614812,0.5332513992791025,1
22,356,-1.0651846840834458,0.6367617170443272,1
21,470,0.8089855150329761,0.7482328313318959,0
70,246,0.305319779547066,0.22504187617087212,1
1,298,0.055575559998159926,0.5287244190984357,1
5,271,2.546833281448644,0.8259177073160304,1
12,225,-0.30125523532680115,0.46311471383751146,0
90,156,-0.3173455927286084,0.278457546373573,0
46,345,1.3314788073977952,0.6547090753562991,1
34,177,0.7618037780867832,0.823767395799123,1
49,101,1.2820989209585543,0.06314029292739132,1
78,362,0.11686938234111337,0.7767904834072271,1
90,68,0.3169426170121629,0.8216479329617712,1
45,68,1.9009356129945743,0.4615229275886068,0
27,313,-0.8359540795806962,0.9833056568184674,0
73,178,-0.10287704409166039,0.7867083407073091,0
26,278,0.7982540714254448,0.7736625648956658,1
47,372,-0.19586082008783778,0.7478385744120718,0
86,54,-0.5701458792830355,0.150608103218274,0
56,354,0.6184845127865221,0.2172308864530108,0
94,190,1.3358056664914943,0.463990131464425,1
63,179,-0.1408343628058571,0.26400434995946587,1
48,365,-0.16858962081074902,0.41524097233404045,0
61,200,-0.6476880256834309,0.8884641099229207,1
81,164,-0.2959768434057342,0.8243268918792692,0
26,431,1.0836060798301856,0.6300398784799822,0
36,197,0.08106287069365692,0.8581203942511035,0
1,16,-0.8049906609302881,0.7837723890172492,0
8,142,0.26236238032366266,0.4289849318408905,1
99,244,1.0511940109860407,0.20106515204994513,1
52,54,-0.5618856635474287,0.5142010400093392,1
79,323,-1.3286052195955633,0.7362288825285501,1
47,258,2.1908251598727517,0.436419598729593,0
56,40,-1.3785293500432472,0.6667719097838972,1
86,32,-0.3590225638557857,0.09432742629104363,0
14,435,0.23212851185866967,0.7480047363714034,1
90,403,-0.2724277012442913,0.812713619893062,1
28,169,-0.07491084465501871,0.7068378557805411,1
87,372,0.5768381678745935,0.9672635875263655,0
78,446,-2.3917216577127935,0.8266520574606404,0
88,167,-1.2668944715238513,0.9030937278765383,0
2,48,0.04425938607032916,0.933571083457648,0
26,424,-0.40421701197361,0.8013479918738086,1
14,91,0.12941125827559766,0.6742588420064991,0
59,365,0.2276532826313042,0.005718581360789288,0
56,267,-2.115919995470992,0.4658257532231247,1
7,215,1.2736403321516463,0.571162298622361,1
3,86,-0.4982678831003497,0.3040302724479996,0
23,486,-0.8655131847760066,0.31810444690347206,1
18,21,0.2083552959592792,0.9611594157101652,0
38,304,0.10716022778224318,0.8917108652027459,1
99,459,1.1966908176546378,0.8491790055017042,0
15,233,0.27187316277001694,0.4060118017061106,0
64,22,1.1581108480243003,0.013698550408914545,0
89,55,-0.9381773754277055,0.08022224645571407,0
28,164,0.14186105520749914,0.31219636821760366,0
74,122,-1.1147477073248893,0.015742912995676983,1
39,242,0.0976758555602795,0.017149781915198115,0
57,26,-0.1142879556018855,0.916603301642411,0
17,369,-0.15729742520090303,0.7061585021190541,0
86,232,-0.14852755236163276,0.30895599006815266,0
90,363,0.7363894701845974,0.13264457760095316,0
44,197,-1.6073596570025797,0.5116357178950771,1
25,457,-0.8997878627841726,0.005346160854364457,1
17,353,-0.040571826745175454,0.938413743858144,0
13,374,-1.1786630894712498,0.4148151193889472,1
84,172,0.04611410620104406,0.40233495523733276,0
25,335,-0.050852521241074776,0.3905936075817822,1
68,476,-1.4037566450525831,0.06932833038776476,1
10,423,-1.4531651462542776,0.6383222397918266,0
67,464,-2.6237882355492657,0.7330036196283534,1
18,83,-1.220670049681913,0.6761253975882903,1
86,242,0.014323258210599855,0.1384354933293943,0
34,233,0.15618782294087746,0.5788401680355926,0
8,491,0.2018995596284508,0.5694844841722538,1
40,328,-0.7779188126673808,0.868410787941382,1
83,421,-0.018303484021489465,0.379127658375647,1
42,69,0.39724460924145283,0.3714859436594342,0
41,344,-1.268035549501153,0.6185270587181856,1
6,231,0.12332907439053986,0.633072653499513,1
52,46,0.6564812118350916,0.46928522732579037,1
26,486,-0.4907721298228808,0.4430593623304211,0
